/*
MYSQL SCRIPT
database name: DBAerolinea
character set: utf8
collation: utf8_general_ci

 */



create table AerolineaUser(
AerolineaUserId INT AUTO_INCREMENT PRIMARY KEY,
UserEmail VARCHAR(64) NOT NULL,
UserPassword VARCHAR(400) NOT NULL,
UserName VARCHAR(64)
);



CREATE TABLE PAIS
(	IATA_paisID char(2),
	nombrePais varchar(50) not null,
	PRIMARY KEY (IATA_paisID)
);

CREATE TABLE CIUDAD
(	ciudadID int AUTO_INCREMENT,
	nombreCiudad varchar(50) not null,
	IATA_paisID char(2),
	PRIMARY KEY (ciudadID)
);

ALTER TABLE ciudad
ADD CONSTRAINT FK_Ciudad__Pais
FOREIGN KEY (IATA_paisID) REFERENCES PAIS(IATA_paisID) ON DELETE SET NULL ;


CREATE TABLE AEROPUERTO
(	IATA_aeropuertoID char(3),
	nombreAeropuerto varchar(50) not null,
	ciudadID int,
	PRIMARY KEY (IATA_aeropuertoID)
);

ALTER TABLE AEROPUERTO
ADD CONSTRAINT FK_Aeropuerto__Ciudad
FOREIGN KEY (ciudadID) REFERENCES CIUDAD(ciudadID) ON DELETE SET NULL ;

CREATE TABLE CLIENTE
(	clienteID int AUTO_INCREMENT,
	pasaporte varchar(20),
	nombre varchar(50),
	Apellido varchar(50),
	telefono varchar(50),
	e_mail varchar(30),
	sexo char(1),
	direccion varchar(100),
	nacionalidad CHAR(2),
	PRIMARY KEY (clienteID)
);

ALTER TABLE CLIENTE
ADD CONSTRAINT FK_Cliente__Pais
FOREIGN KEY (nacionalidad) REFERENCES PAIS(IATA_paisID) ON DELETE SET NULL;

CREATE TABLE ESTADO_AVION
(	estadoID int AUTO_INCREMENT,
	estado varchar(50) not null,
	descripcion varchar(500),
	PRIMARY KEY (estadoID)
);

CREATE TABLE AVION
(	avionMatricula varchar(12),
	modelo varchar(50) not null,
	serie varchar(50) not null,
	fabricante varchar(50) not null,
	estadoID int,
	PRIMARY KEY(avionMatricula)
);

ALTER TABLE AVION
ADD CONSTRAINT FK_Avion__Estado_Avion
FOREIGN KEY (estadoID) REFERENCES ESTADO_AVION(estadoID) ON DELETE SET NULL;

CREATE TABLE CABINA
(   cabinaID int AUTO_INCREMENT,
	cabinaNombre varchar(10),
	PRIMARY KEY(cabinaID)
);

CREATE TABLE ASIENTO
(	asientoID varchar(6),
	PRIMARY KEY(asientoID)
);

CREATE TABLE AVION_ASIENTO
(	avionMatricula varchar(12),
	asientoID varchar(6),
	cabinaID int,
	PRIMARY KEY(avionMatricula, asientoID)
);

ALTER TABLE AVION_ASIENTO
ADD CONSTRAINT FK_AVION_ASIENTO__AVION
FOREIGN KEY (avionMatricula) REFERENCES AVION(avionMatricula);

ALTER TABLE AVION_ASIENTO
ADD CONSTRAINT FK_AVION_ASIENTO__ASIENTO
FOREIGN KEY (asientoID) REFERENCES ASIENTO(asientoID);

ALTER TABLE AVION_ASIENTO
ADD CONSTRAINT FK_AVION_ASIENTO__CABINA
FOREIGN KEY (cabinaID) REFERENCES CABINA(cabinaID) ON DELETE SET NULL;

CREATE TABLE VUELO_PROGRAMADO
(	numeroVuelo varchar(7),
	origen char(3),
	destino char(3),
	horaSalida time,
	tiempoDeVuelo decimal(11,5),
	check(tiempoDeVuelo>0),
	fechaInicio DATE,
	fechaFin DATE,
	PRIMARY KEY(numeroVuelo)
);

ALTER TABLE VUELO_PROGRAMADO
ADD CONSTRAINT FK_VUELO_PROGRAMADO__AEROPUERTO_origen
FOREIGN KEY (origen) REFERENCES AEROPUERTO(IATA_aeropuertoID) ON DELETE SET NULL;

ALTER TABLE VUELO_PROGRAMADO
ADD CONSTRAINT FK_VUELO_PROGRAMADO__AEROPUERTO_destino
FOREIGN KEY (destino) REFERENCES AEROPUERTO(IATA_aeropuertoID) ON DELETE SET NULL;

CREATE TABLE ESTADO_VUELO
(	estadoVueloID int AUTO_INCREMENT,
	nombreEstadoVuelo varchar(20) not null,
	PRIMARY KEY(estadoVueloID)
);

CREATE TABLE VUELO
(	vueloID int AUTO_INCREMENT,
	numeroVuelo varchar(7),
	avionMatricula varchar(12),
	fechaVuelo date not null,
	estadoVueloID int,
	fechaHoraDespegue DATETIME,
	fechaHoraAterrizaje DATETIME,
	PRIMARY KEY(vueloID)
);

ALTER TABLE VUELO
ADD CONSTRAINT FK_VUELO__VUELO_PROGRAMADO
FOREIGN KEY (numeroVuelo) REFERENCES VUELO_PROGRAMADO(numeroVuelo) ON DELETE SET NULL;

ALTER TABLE VUELO
ADD CONSTRAINT FK_VUELO__AVION
FOREIGN KEY (avionMatricula) REFERENCES AVION(avionMatricula) ON DELETE SET NULL;

ALTER TABLE VUELO
ADD CONSTRAINT FK_VUELO__ESTADO_VUELO
FOREIGN KEY (estadoVueloID) REFERENCES ESTADO_VUELO(estadoVueloID) ON DELETE SET NULL;


CREATE TABLE PRECIO_VUELO_AVION_ASIENTO
(	vueloID int not null,
	avionMatricula varchar(12) not null,
	asientoID varchar(6) not null,
	precio decimal(6,2) not null,
	PRIMARY KEY (vueloID, avionMatricula, asientoID)	
);

ALTER TABLE PRECIO_VUELO_AVION_ASIENTO
ADD CONSTRAINT FK_PRECIO_VUELO_AVION_ASIENTO__VUELO
FOREIGN KEY (vueloID) REFERENCES VUELO(vueloID);

ALTER TABLE PRECIO_VUELO_AVION_ASIENTO
ADD CONSTRAINT FK_PRECIO_VUELO_AVION_ASIENTO__AVION_ASIENTO
FOREIGN KEY (avionMatricula,asientoID) REFERENCES AVION_ASIENTO(avionMatricula,asientoID);

CREATE TABLE ESTADO_RESERVA
(	estadoReservaID int AUTO_INCREMENT primary key,
	nombreEstadoReserva varchar(20) not null,
	descripcionEstadoReserva varchar(100)
);

CREATE TABLE RESERVA
(	reservaID int AUTO_INCREMENT primary key,
	clienteID int not null,
	vueloID int not null,
	avionMatricula varchar(12) not null,
	asientoID varchar(6) not null,
	estadoReservaID int,
	fechaHoraReserva datetime not null
);

ALTER TABLE RESERVA
ADD CONSTRAINT FK_RESERVA__CLIENTE
FOREIGN KEY (clienteID) REFERENCES CLIENTE(clienteID);

ALTER TABLE RESERVA
ADD CONSTRAINT FK_RESERVA__CESTADO_RESERVA
FOREIGN KEY (estadoReservaID) REFERENCES ESTADO_RESERVA(estadoReservaID) ON DELETE SET NULL;

ALTER TABLE RESERVA
ADD CONSTRAINT FK_RESERVA__PRECIO_VUELO_AVION_ASIENTO
FOREIGN KEY (vueloID, avionMatricula, asientoID) REFERENCES PRECIO_VUELO_AVION_ASIENTO(vueloID, avionMatricula, asientoID);


CREATE TABLE TARJETA_EMBARQUE
(	tarjetaEmbarqueID int AUTO_INCREMENT primary key,
	reservaID int,
	fechaEmision datetime
);

ALTER TABLE TARJETA_EMBARQUE
ADD CONSTRAINT FK_TARJETA_EMBARQUE__RESERVA
FOREIGN KEY (reservaID) REFERENCES RESERVA(reservaID) ON DELETE SET NULL;




INSERT INTO PAIS VALUES ('PE','PERU');
INSERT INTO PAIS VALUES ('AR','ARGENTINA');
INSERT INTO PAIS VALUES ('UY','URUGUAY');
INSERT INTO PAIS VALUES ('BR','BRAZIL');
INSERT INTO PAIS VALUES ('CO','COLOMBIA');
INSERT INTO PAIS VALUES ('BO','BOLIVIA');
INSERT INTO PAIS VALUES ('MX','MEXICO');
INSERT INTO PAIS VALUES ('EC','ECUADOR');
INSERT INTO PAIS VALUES ('CA','CANADA');
INSERT INTO PAIS VALUES ('US','ESTADOS UNIDOS DE AMERICA');
INSERT INTO PAIS VALUES ('ES','SPAIN');
INSERT INTO PAIS VALUES ('FR','FRANCIA');

INSERT INTO CIUDAD VALUES ('LIMA','PE');
INSERT INTO CIUDAD VALUES ('BUENOS AIRES','AR');
INSERT INTO CIUDAD VALUES ('MONTEVIDEO','UY');
INSERT INTO CIUDAD VALUES ('SAO PAULO','BR');
INSERT INTO CIUDAD VALUES ('BOGOTA','CO');
INSERT INTO CIUDAD VALUES ('LA PAZ','BO');
INSERT INTO CIUDAD VALUES ('ACAPULCO','MX');
INSERT INTO CIUDAD VALUES ('QUITO','EC');
INSERT INTO CIUDAD VALUES ('OTTAWA','CA');
INSERT INTO CIUDAD VALUES ('NUEVA YORK','US');
INSERT INTO CIUDAD VALUES ('LOS ANGELES','US');
INSERT INTO CIUDAD VALUES ('CHICAGO','US');
INSERT INTO CIUDAD VALUES ('BARCELONA','ES');
INSERT INTO CIUDAD VALUES ('MADRID','ES');
INSERT INTO CIUDAD VALUES ('PARIS','FR');

INSERT INTO AEROPUERTO VALUES ('LIM','Jorge Chavez International Airport',11);
INSERT INTO AEROPUERTO VALUES ('EZE','Ministro Pistarini International Airport',12);
INSERT INTO AEROPUERTO VALUES ('MVD','Carrasco International Airport',13);
INSERT INTO AEROPUERTO VALUES ('GRU','Sao Paulo-Guarulhos International Airport',14);
INSERT INTO AEROPUERTO VALUES ('BOG','El Dorado International Airport',15);
INSERT INTO AEROPUERTO VALUES ('LPB','El Alto International Airport',16);
INSERT INTO AEROPUERTO VALUES ('ACA','General Juan N. Alvarez International Airport',17);
INSERT INTO AEROPUERTO VALUES ('UIO','Mariscal Sucre International Airport',18);
INSERT INTO AEROPUERTO VALUES ('YOW','Ottawa Macdonald-Cartier International Airport',19);
INSERT INTO AEROPUERTO VALUES ('JFK','John F. Kennedy International Airport',20);
INSERT INTO AEROPUERTO VALUES ('LAX','Los Angeles International Airport',21);
INSERT INTO AEROPUERTO VALUES ('ORD','O Hare International Airport',22);
INSERT INTO AEROPUERTO VALUES ('BCN','Barcelona-El Prat Airport',23);
INSERT INTO AEROPUERTO VALUES ('MAD','Adolfo Suarez Madrid-Barajas Airport',24);
INSERT INTO AEROPUERTO VALUES ('CDG','Charles de Gaulle Airport',25);

INSERT INTO CLIENTE VALUES ('9385736452','JHON','OLIVARES TOLENTINO','2344332','jnmatt@icloud.com','M','JR. SAN FRANCISCO 380','PE');
INSERT INTO CLIENTE VALUES ('9876454451','FRANCISCO','SILVA OROSCO','2355698','franciscoS@mail.com','M','LAS PALMERAS 380','PE');

INSERT INTO ESTADO_AVION VALUES ('ACTIVO','Es un avion que esta en condiciones para volar');
INSERT INTO ESTADO_AVION VALUES ('REPARACION','Es un avion que esta reparacion');
INSERT INTO ESTADO_AVION VALUES ('BAJA','avion descartado por la aerolinea');

INSERT INTO AVION VALUES('CC-CRF', '787-9','42134DS343','BOEING',1);
INSERT INTO AVION VALUES('LV-ARE', 'A321','45345342FG','AIRBUS',1);
INSERT INTO AVION VALUES('OB-4582', 'A320-200','4213DSF134','AIRBUS',1);
INSERT INTO AVION VALUES('OB-1518', 'A350','4SD3332D43','AIRBUS',2);
INSERT INTO AVION VALUES('LV-AQW', 'A319','9439DS','AIRBUS',1);
INSERT INTO AVION VALUES('OB-5812', '767-300','943123W','BOEING',1);
INSERT INTO AVION VALUES('OB-9654', '787-8','9234FD','BOEING',1);
INSERT INTO AVION VALUES('CC-CAE', '787 Dreamliner','1234FD','BOEING',1);
INSERT INTO AVION VALUES('OB-1284', '787 Dreamliner','1265FD','BOEING',2);

INSERT INTO CABINA VALUES('FIRST');
INSERT INTO CABINA VALUES('BUSINESS');
INSERT INTO CABINA VALUES('ECONOMY');

INSERT INTO ASIENTO VALUES('1A');
INSERT INTO ASIENTO VALUES('1B');
INSERT INTO ASIENTO VALUES('1C');
INSERT INTO ASIENTO VALUES('1D');
INSERT INTO ASIENTO VALUES('1E');
INSERT INTO ASIENTO VALUES('1F');
INSERT INTO ASIENTO VALUES('1G');
INSERT INTO ASIENTO VALUES('1H');
INSERT INTO ASIENTO VALUES('1J');
INSERT INTO ASIENTO VALUES('1K');
INSERT INTO ASIENTO VALUES('2A');
INSERT INTO ASIENTO VALUES('2B');
INSERT INTO ASIENTO VALUES('2C');
INSERT INTO ASIENTO VALUES('2D');
INSERT INTO ASIENTO VALUES('2E');
INSERT INTO ASIENTO VALUES('2F');
INSERT INTO ASIENTO VALUES('2G');
INSERT INTO ASIENTO VALUES('2H');
INSERT INTO ASIENTO VALUES('2J');
INSERT INTO ASIENTO VALUES('2K');
INSERT INTO ASIENTO VALUES('3A');
INSERT INTO ASIENTO VALUES('3B');
INSERT INTO ASIENTO VALUES('3C');
INSERT INTO ASIENTO VALUES('3D');
INSERT INTO ASIENTO VALUES('3E');
INSERT INTO ASIENTO VALUES('3F');
INSERT INTO ASIENTO VALUES('3G');
INSERT INTO ASIENTO VALUES('3H');
INSERT INTO ASIENTO VALUES('3J');
INSERT INTO ASIENTO VALUES('3K');
INSERT INTO ASIENTO VALUES('4A');
INSERT INTO ASIENTO VALUES('4B');
INSERT INTO ASIENTO VALUES('4C');
INSERT INTO ASIENTO VALUES('4D');
INSERT INTO ASIENTO VALUES('4E');
INSERT INTO ASIENTO VALUES('4F');
INSERT INTO ASIENTO VALUES('4G');
INSERT INTO ASIENTO VALUES('4H');
INSERT INTO ASIENTO VALUES('4J');
INSERT INTO ASIENTO VALUES('4K');
INSERT INTO ASIENTO VALUES('5A');
INSERT INTO ASIENTO VALUES('5B');
INSERT INTO ASIENTO VALUES('5C');
INSERT INTO ASIENTO VALUES('5D');
INSERT INTO ASIENTO VALUES('5E');
INSERT INTO ASIENTO VALUES('5F');
INSERT INTO ASIENTO VALUES('5G');
INSERT INTO ASIENTO VALUES('5H');
INSERT INTO ASIENTO VALUES('5J');
INSERT INTO ASIENTO VALUES('5K');
INSERT INTO ASIENTO VALUES('6A');
INSERT INTO ASIENTO VALUES('6B');
INSERT INTO ASIENTO VALUES('6C');
INSERT INTO ASIENTO VALUES('6D');
INSERT INTO ASIENTO VALUES('6E');
INSERT INTO ASIENTO VALUES('6F');
INSERT INTO ASIENTO VALUES('6G');
INSERT INTO ASIENTO VALUES('6H');
INSERT INTO ASIENTO VALUES('6J');
INSERT INTO ASIENTO VALUES('6K');
INSERT INTO ASIENTO VALUES('7A');
INSERT INTO ASIENTO VALUES('7B');
INSERT INTO ASIENTO VALUES('7C');
INSERT INTO ASIENTO VALUES('7D');
INSERT INTO ASIENTO VALUES('7E');
INSERT INTO ASIENTO VALUES('7F');
INSERT INTO ASIENTO VALUES('7G');
INSERT INTO ASIENTO VALUES('7H');
INSERT INTO ASIENTO VALUES('7J');
INSERT INTO ASIENTO VALUES('7K');
INSERT INTO ASIENTO VALUES('8A');
INSERT INTO ASIENTO VALUES('8B');
INSERT INTO ASIENTO VALUES('8C');
INSERT INTO ASIENTO VALUES('8D');
INSERT INTO ASIENTO VALUES('8E');
INSERT INTO ASIENTO VALUES('8F');
INSERT INTO ASIENTO VALUES('8G');
INSERT INTO ASIENTO VALUES('8H');
INSERT INTO ASIENTO VALUES('8J');
INSERT INTO ASIENTO VALUES('8K');
INSERT INTO ASIENTO VALUES('9A');
INSERT INTO ASIENTO VALUES('9B');
INSERT INTO ASIENTO VALUES('9C');
INSERT INTO ASIENTO VALUES('9D');
INSERT INTO ASIENTO VALUES('9E');
INSERT INTO ASIENTO VALUES('9F');
INSERT INTO ASIENTO VALUES('9G');
INSERT INTO ASIENTO VALUES('9H');
INSERT INTO ASIENTO VALUES('9J');
INSERT INTO ASIENTO VALUES('9K');
INSERT INTO ASIENTO VALUES('10A');
INSERT INTO ASIENTO VALUES('10B');
INSERT INTO ASIENTO VALUES('10C');
INSERT INTO ASIENTO VALUES('10D');
INSERT INTO ASIENTO VALUES('10E');
INSERT INTO ASIENTO VALUES('10F');
INSERT INTO ASIENTO VALUES('10G');
INSERT INTO ASIENTO VALUES('10H');
INSERT INTO ASIENTO VALUES('10J');
INSERT INTO ASIENTO VALUES('10K');
INSERT INTO ASIENTO VALUES('11A');
INSERT INTO ASIENTO VALUES('11B');
INSERT INTO ASIENTO VALUES('11C');
INSERT INTO ASIENTO VALUES('11D');
INSERT INTO ASIENTO VALUES('11E');
INSERT INTO ASIENTO VALUES('11F');
INSERT INTO ASIENTO VALUES('11G');
INSERT INTO ASIENTO VALUES('11H');
INSERT INTO ASIENTO VALUES('11J');
INSERT INTO ASIENTO VALUES('11K');
INSERT INTO ASIENTO VALUES('12A');
INSERT INTO ASIENTO VALUES('12B');
INSERT INTO ASIENTO VALUES('12C');
INSERT INTO ASIENTO VALUES('12D');
INSERT INTO ASIENTO VALUES('12E');
INSERT INTO ASIENTO VALUES('12F');
INSERT INTO ASIENTO VALUES('12G');
INSERT INTO ASIENTO VALUES('12H');
INSERT INTO ASIENTO VALUES('12J');
INSERT INTO ASIENTO VALUES('12K');
INSERT INTO ASIENTO VALUES('13A');
INSERT INTO ASIENTO VALUES('13B');
INSERT INTO ASIENTO VALUES('13C');
INSERT INTO ASIENTO VALUES('13D');
INSERT INTO ASIENTO VALUES('13E');
INSERT INTO ASIENTO VALUES('13F');
INSERT INTO ASIENTO VALUES('13G');
INSERT INTO ASIENTO VALUES('13H');
INSERT INTO ASIENTO VALUES('13J');
INSERT INTO ASIENTO VALUES('13K');
INSERT INTO ASIENTO VALUES('14A');
INSERT INTO ASIENTO VALUES('14B');
INSERT INTO ASIENTO VALUES('14C');
INSERT INTO ASIENTO VALUES('14D');
INSERT INTO ASIENTO VALUES('14E');
INSERT INTO ASIENTO VALUES('14F');
INSERT INTO ASIENTO VALUES('14G');
INSERT INTO ASIENTO VALUES('14H');
INSERT INTO ASIENTO VALUES('14J');
INSERT INTO ASIENTO VALUES('14K');
INSERT INTO ASIENTO VALUES('15A');
INSERT INTO ASIENTO VALUES('15B');
INSERT INTO ASIENTO VALUES('15C');
INSERT INTO ASIENTO VALUES('15D');
INSERT INTO ASIENTO VALUES('15E');
INSERT INTO ASIENTO VALUES('15F');
INSERT INTO ASIENTO VALUES('15G');
INSERT INTO ASIENTO VALUES('15H');
INSERT INTO ASIENTO VALUES('15J');
INSERT INTO ASIENTO VALUES('15K');
INSERT INTO ASIENTO VALUES('16A');
INSERT INTO ASIENTO VALUES('16B');
INSERT INTO ASIENTO VALUES('16C');
INSERT INTO ASIENTO VALUES('16D');
INSERT INTO ASIENTO VALUES('16E');
INSERT INTO ASIENTO VALUES('16F');
INSERT INTO ASIENTO VALUES('16G');
INSERT INTO ASIENTO VALUES('16H');
INSERT INTO ASIENTO VALUES('16J');
INSERT INTO ASIENTO VALUES('16K');
INSERT INTO ASIENTO VALUES('17A');
INSERT INTO ASIENTO VALUES('17B');
INSERT INTO ASIENTO VALUES('17C');
INSERT INTO ASIENTO VALUES('17D');
INSERT INTO ASIENTO VALUES('17E');
INSERT INTO ASIENTO VALUES('17F');
INSERT INTO ASIENTO VALUES('17G');
INSERT INTO ASIENTO VALUES('17H');
INSERT INTO ASIENTO VALUES('17J');
INSERT INTO ASIENTO VALUES('17K');
INSERT INTO ASIENTO VALUES('18A');
INSERT INTO ASIENTO VALUES('18B');
INSERT INTO ASIENTO VALUES('18C');
INSERT INTO ASIENTO VALUES('18D');
INSERT INTO ASIENTO VALUES('18E');
INSERT INTO ASIENTO VALUES('18F');
INSERT INTO ASIENTO VALUES('18G');
INSERT INTO ASIENTO VALUES('18H');
INSERT INTO ASIENTO VALUES('18J');
INSERT INTO ASIENTO VALUES('18K');
INSERT INTO ASIENTO VALUES('19A');
INSERT INTO ASIENTO VALUES('19B');
INSERT INTO ASIENTO VALUES('19C');
INSERT INTO ASIENTO VALUES('19D');
INSERT INTO ASIENTO VALUES('19E');
INSERT INTO ASIENTO VALUES('19F');
INSERT INTO ASIENTO VALUES('19G');
INSERT INTO ASIENTO VALUES('19H');
INSERT INTO ASIENTO VALUES('19J');
INSERT INTO ASIENTO VALUES('19K');
INSERT INTO ASIENTO VALUES('20A');
INSERT INTO ASIENTO VALUES('20B');
INSERT INTO ASIENTO VALUES('20C');
INSERT INTO ASIENTO VALUES('20D');
INSERT INTO ASIENTO VALUES('20E');
INSERT INTO ASIENTO VALUES('20F');
INSERT INTO ASIENTO VALUES('20G');
INSERT INTO ASIENTO VALUES('20H');
INSERT INTO ASIENTO VALUES('20J');
INSERT INTO ASIENTO VALUES('20K');
INSERT INTO ASIENTO VALUES('21A');
INSERT INTO ASIENTO VALUES('21B');
INSERT INTO ASIENTO VALUES('21C');
INSERT INTO ASIENTO VALUES('21D');
INSERT INTO ASIENTO VALUES('21E');
INSERT INTO ASIENTO VALUES('21F');
INSERT INTO ASIENTO VALUES('21G');
INSERT INTO ASIENTO VALUES('21H');
INSERT INTO ASIENTO VALUES('21J');
INSERT INTO ASIENTO VALUES('21K');
INSERT INTO ASIENTO VALUES('22A');
INSERT INTO ASIENTO VALUES('22B');
INSERT INTO ASIENTO VALUES('22C');
INSERT INTO ASIENTO VALUES('22D');
INSERT INTO ASIENTO VALUES('22E');
INSERT INTO ASIENTO VALUES('22F');
INSERT INTO ASIENTO VALUES('22G');
INSERT INTO ASIENTO VALUES('22H');
INSERT INTO ASIENTO VALUES('22J');
INSERT INTO ASIENTO VALUES('22K');
INSERT INTO ASIENTO VALUES('23A');
INSERT INTO ASIENTO VALUES('23B');
INSERT INTO ASIENTO VALUES('23C');
INSERT INTO ASIENTO VALUES('23D');
INSERT INTO ASIENTO VALUES('23E');
INSERT INTO ASIENTO VALUES('23F');
INSERT INTO ASIENTO VALUES('23G');
INSERT INTO ASIENTO VALUES('23H');
INSERT INTO ASIENTO VALUES('23J');
INSERT INTO ASIENTO VALUES('23K');
INSERT INTO ASIENTO VALUES('24A');
INSERT INTO ASIENTO VALUES('24B');
INSERT INTO ASIENTO VALUES('24C');
INSERT INTO ASIENTO VALUES('24D');
INSERT INTO ASIENTO VALUES('24E');
INSERT INTO ASIENTO VALUES('24F');
INSERT INTO ASIENTO VALUES('24G');
INSERT INTO ASIENTO VALUES('24H');
INSERT INTO ASIENTO VALUES('24J');
INSERT INTO ASIENTO VALUES('24K');
INSERT INTO ASIENTO VALUES('25A');
INSERT INTO ASIENTO VALUES('25B');
INSERT INTO ASIENTO VALUES('25C');
INSERT INTO ASIENTO VALUES('25D');
INSERT INTO ASIENTO VALUES('25E');
INSERT INTO ASIENTO VALUES('25F');
INSERT INTO ASIENTO VALUES('25G');
INSERT INTO ASIENTO VALUES('25H');
INSERT INTO ASIENTO VALUES('25J');
INSERT INTO ASIENTO VALUES('25K');
INSERT INTO ASIENTO VALUES('26A');
INSERT INTO ASIENTO VALUES('26B');
INSERT INTO ASIENTO VALUES('26C');
INSERT INTO ASIENTO VALUES('26D');
INSERT INTO ASIENTO VALUES('26E');
INSERT INTO ASIENTO VALUES('26F');
INSERT INTO ASIENTO VALUES('26G');
INSERT INTO ASIENTO VALUES('26H');
INSERT INTO ASIENTO VALUES('26J');
INSERT INTO ASIENTO VALUES('26K');
INSERT INTO ASIENTO VALUES('27A');
INSERT INTO ASIENTO VALUES('27B');
INSERT INTO ASIENTO VALUES('27C');
INSERT INTO ASIENTO VALUES('27D');
INSERT INTO ASIENTO VALUES('27E');
INSERT INTO ASIENTO VALUES('27F');
INSERT INTO ASIENTO VALUES('27G');
INSERT INTO ASIENTO VALUES('27H');
INSERT INTO ASIENTO VALUES('27J');
INSERT INTO ASIENTO VALUES('27K');
INSERT INTO ASIENTO VALUES('28A');
INSERT INTO ASIENTO VALUES('28B');
INSERT INTO ASIENTO VALUES('28C');
INSERT INTO ASIENTO VALUES('28D');
INSERT INTO ASIENTO VALUES('28E');
INSERT INTO ASIENTO VALUES('28F');
INSERT INTO ASIENTO VALUES('28G');
INSERT INTO ASIENTO VALUES('28H');
INSERT INTO ASIENTO VALUES('28J');
INSERT INTO ASIENTO VALUES('28K');
INSERT INTO ASIENTO VALUES('29A');
INSERT INTO ASIENTO VALUES('29B');
INSERT INTO ASIENTO VALUES('29C');
INSERT INTO ASIENTO VALUES('29D');
INSERT INTO ASIENTO VALUES('29E');
INSERT INTO ASIENTO VALUES('29F');
INSERT INTO ASIENTO VALUES('29G');
INSERT INTO ASIENTO VALUES('29H');
INSERT INTO ASIENTO VALUES('29J');
INSERT INTO ASIENTO VALUES('29K');
INSERT INTO ASIENTO VALUES('30A');
INSERT INTO ASIENTO VALUES('30B');
INSERT INTO ASIENTO VALUES('30C');
INSERT INTO ASIENTO VALUES('30D');
INSERT INTO ASIENTO VALUES('30E');
INSERT INTO ASIENTO VALUES('30F');
INSERT INTO ASIENTO VALUES('30G');
INSERT INTO ASIENTO VALUES('30H');
INSERT INTO ASIENTO VALUES('30J');
INSERT INTO ASIENTO VALUES('30K');
INSERT INTO ASIENTO VALUES('31A');
INSERT INTO ASIENTO VALUES('31B');
INSERT INTO ASIENTO VALUES('31C');
INSERT INTO ASIENTO VALUES('31D');
INSERT INTO ASIENTO VALUES('31E');
INSERT INTO ASIENTO VALUES('31F');
INSERT INTO ASIENTO VALUES('31G');
INSERT INTO ASIENTO VALUES('31H');
INSERT INTO ASIENTO VALUES('31J');
INSERT INTO ASIENTO VALUES('31K');
INSERT INTO ASIENTO VALUES('32A');
INSERT INTO ASIENTO VALUES('32B');
INSERT INTO ASIENTO VALUES('32C');
INSERT INTO ASIENTO VALUES('32D');
INSERT INTO ASIENTO VALUES('32E');
INSERT INTO ASIENTO VALUES('32F');
INSERT INTO ASIENTO VALUES('32G');
INSERT INTO ASIENTO VALUES('32H');
INSERT INTO ASIENTO VALUES('32J');
INSERT INTO ASIENTO VALUES('32K');
INSERT INTO ASIENTO VALUES('33A');
INSERT INTO ASIENTO VALUES('33B');
INSERT INTO ASIENTO VALUES('33C');
INSERT INTO ASIENTO VALUES('33D');
INSERT INTO ASIENTO VALUES('33E');
INSERT INTO ASIENTO VALUES('33F');
INSERT INTO ASIENTO VALUES('33G');
INSERT INTO ASIENTO VALUES('33H');
INSERT INTO ASIENTO VALUES('33J');
INSERT INTO ASIENTO VALUES('33K');
INSERT INTO ASIENTO VALUES('34A');
INSERT INTO ASIENTO VALUES('34B');
INSERT INTO ASIENTO VALUES('34C');
INSERT INTO ASIENTO VALUES('34D');
INSERT INTO ASIENTO VALUES('34E');
INSERT INTO ASIENTO VALUES('34F');
INSERT INTO ASIENTO VALUES('34G');
INSERT INTO ASIENTO VALUES('34H');
INSERT INTO ASIENTO VALUES('34J');
INSERT INTO ASIENTO VALUES('34K');
INSERT INTO ASIENTO VALUES('35A');
INSERT INTO ASIENTO VALUES('35B');
INSERT INTO ASIENTO VALUES('35C');
INSERT INTO ASIENTO VALUES('35D');
INSERT INTO ASIENTO VALUES('35E');
INSERT INTO ASIENTO VALUES('35F');
INSERT INTO ASIENTO VALUES('35G');
INSERT INTO ASIENTO VALUES('35H');
INSERT INTO ASIENTO VALUES('35J');
INSERT INTO ASIENTO VALUES('35K');
INSERT INTO ASIENTO VALUES('36A');
INSERT INTO ASIENTO VALUES('36B');
INSERT INTO ASIENTO VALUES('36C');
INSERT INTO ASIENTO VALUES('36D');
INSERT INTO ASIENTO VALUES('36E');
INSERT INTO ASIENTO VALUES('36F');
INSERT INTO ASIENTO VALUES('36G');
INSERT INTO ASIENTO VALUES('36H');
INSERT INTO ASIENTO VALUES('36J');
INSERT INTO ASIENTO VALUES('36K');
INSERT INTO ASIENTO VALUES('37A');
INSERT INTO ASIENTO VALUES('37B');
INSERT INTO ASIENTO VALUES('37C');
INSERT INTO ASIENTO VALUES('37D');
INSERT INTO ASIENTO VALUES('37E');
INSERT INTO ASIENTO VALUES('37F');
INSERT INTO ASIENTO VALUES('37G');
INSERT INTO ASIENTO VALUES('37H');
INSERT INTO ASIENTO VALUES('37J');
INSERT INTO ASIENTO VALUES('37K');
INSERT INTO ASIENTO VALUES('38A');
INSERT INTO ASIENTO VALUES('38B');
INSERT INTO ASIENTO VALUES('38C');
INSERT INTO ASIENTO VALUES('38D');
INSERT INTO ASIENTO VALUES('38E');
INSERT INTO ASIENTO VALUES('38F');
INSERT INTO ASIENTO VALUES('38G');
INSERT INTO ASIENTO VALUES('38H');
INSERT INTO ASIENTO VALUES('38J');
INSERT INTO ASIENTO VALUES('38K');
INSERT INTO ASIENTO VALUES('39A');
INSERT INTO ASIENTO VALUES('39B');
INSERT INTO ASIENTO VALUES('39C');
INSERT INTO ASIENTO VALUES('39D');
INSERT INTO ASIENTO VALUES('39E');
INSERT INTO ASIENTO VALUES('39F');
INSERT INTO ASIENTO VALUES('39G');
INSERT INTO ASIENTO VALUES('39H');
INSERT INTO ASIENTO VALUES('39J');
INSERT INTO ASIENTO VALUES('39K');
INSERT INTO ASIENTO VALUES('40A');
INSERT INTO ASIENTO VALUES('40B');
INSERT INTO ASIENTO VALUES('40C');
INSERT INTO ASIENTO VALUES('40D');
INSERT INTO ASIENTO VALUES('40E');
INSERT INTO ASIENTO VALUES('40F');
INSERT INTO ASIENTO VALUES('40G');
INSERT INTO ASIENTO VALUES('40H');
INSERT INTO ASIENTO VALUES('40J');
INSERT INTO ASIENTO VALUES('40K');
INSERT INTO ASIENTO VALUES('41A');
INSERT INTO ASIENTO VALUES('41B');
INSERT INTO ASIENTO VALUES('41C');
INSERT INTO ASIENTO VALUES('41D');
INSERT INTO ASIENTO VALUES('41E');
INSERT INTO ASIENTO VALUES('41F');
INSERT INTO ASIENTO VALUES('41G');
INSERT INTO ASIENTO VALUES('41H');
INSERT INTO ASIENTO VALUES('41J');
INSERT INTO ASIENTO VALUES('41K');
INSERT INTO ASIENTO VALUES('42A');
INSERT INTO ASIENTO VALUES('42B');
INSERT INTO ASIENTO VALUES('42C');
INSERT INTO ASIENTO VALUES('42D');
INSERT INTO ASIENTO VALUES('42E');
INSERT INTO ASIENTO VALUES('42F');
INSERT INTO ASIENTO VALUES('42G');
INSERT INTO ASIENTO VALUES('42H');
INSERT INTO ASIENTO VALUES('42J');
INSERT INTO ASIENTO VALUES('42K');
INSERT INTO ASIENTO VALUES('43A');
INSERT INTO ASIENTO VALUES('43B');
INSERT INTO ASIENTO VALUES('43C');
INSERT INTO ASIENTO VALUES('43D');
INSERT INTO ASIENTO VALUES('43E');
INSERT INTO ASIENTO VALUES('43F');
INSERT INTO ASIENTO VALUES('43G');
INSERT INTO ASIENTO VALUES('43H');
INSERT INTO ASIENTO VALUES('43J');
INSERT INTO ASIENTO VALUES('43K');
INSERT INTO ASIENTO VALUES('44A');
INSERT INTO ASIENTO VALUES('44B');
INSERT INTO ASIENTO VALUES('44C');
INSERT INTO ASIENTO VALUES('44D');
INSERT INTO ASIENTO VALUES('44E');
INSERT INTO ASIENTO VALUES('44F');
INSERT INTO ASIENTO VALUES('44G');
INSERT INTO ASIENTO VALUES('44H');
INSERT INTO ASIENTO VALUES('44J');
INSERT INTO ASIENTO VALUES('44K');
INSERT INTO ASIENTO VALUES('45A');
INSERT INTO ASIENTO VALUES('45B');
INSERT INTO ASIENTO VALUES('45C');
INSERT INTO ASIENTO VALUES('45D');
INSERT INTO ASIENTO VALUES('45E');
INSERT INTO ASIENTO VALUES('45F');
INSERT INTO ASIENTO VALUES('45G');
INSERT INTO ASIENTO VALUES('45H');
INSERT INTO ASIENTO VALUES('45J');
INSERT INTO ASIENTO VALUES('45K');
INSERT INTO ASIENTO VALUES('46A');
INSERT INTO ASIENTO VALUES('46B');
INSERT INTO ASIENTO VALUES('46C');
INSERT INTO ASIENTO VALUES('46D');
INSERT INTO ASIENTO VALUES('46E');
INSERT INTO ASIENTO VALUES('46F');
INSERT INTO ASIENTO VALUES('46G');
INSERT INTO ASIENTO VALUES('46H');
INSERT INTO ASIENTO VALUES('46J');
INSERT INTO ASIENTO VALUES('46K');
INSERT INTO ASIENTO VALUES('47A');
INSERT INTO ASIENTO VALUES('47B');
INSERT INTO ASIENTO VALUES('47C');
INSERT INTO ASIENTO VALUES('47D');
INSERT INTO ASIENTO VALUES('47E');
INSERT INTO ASIENTO VALUES('47F');
INSERT INTO ASIENTO VALUES('47G');
INSERT INTO ASIENTO VALUES('47H');
INSERT INTO ASIENTO VALUES('47J');
INSERT INTO ASIENTO VALUES('47K');
INSERT INTO ASIENTO VALUES('48A');
INSERT INTO ASIENTO VALUES('48B');
INSERT INTO ASIENTO VALUES('48C');
INSERT INTO ASIENTO VALUES('48D');
INSERT INTO ASIENTO VALUES('48E');
INSERT INTO ASIENTO VALUES('48F');
INSERT INTO ASIENTO VALUES('48G');
INSERT INTO ASIENTO VALUES('48H');
INSERT INTO ASIENTO VALUES('48J');
INSERT INTO ASIENTO VALUES('48K');
INSERT INTO ASIENTO VALUES('49A');
INSERT INTO ASIENTO VALUES('49B');
INSERT INTO ASIENTO VALUES('49C');
INSERT INTO ASIENTO VALUES('49D');
INSERT INTO ASIENTO VALUES('49E');
INSERT INTO ASIENTO VALUES('49F');
INSERT INTO ASIENTO VALUES('49G');
INSERT INTO ASIENTO VALUES('49H');
INSERT INTO ASIENTO VALUES('49J');
INSERT INTO ASIENTO VALUES('49K');
INSERT INTO ASIENTO VALUES('50A');
INSERT INTO ASIENTO VALUES('50B');
INSERT INTO ASIENTO VALUES('50C');
INSERT INTO ASIENTO VALUES('50D');
INSERT INTO ASIENTO VALUES('50E');
INSERT INTO ASIENTO VALUES('50F');
INSERT INTO ASIENTO VALUES('50G');
INSERT INTO ASIENTO VALUES('50H');
INSERT INTO ASIENTO VALUES('50J');
INSERT INTO ASIENTO VALUES('50K');

INSERT INTO AVION_ASIENTO VALUES('CC-CRF', '1A', 1);
INSERT INTO AVION_ASIENTO VALUES('CC-CRF', '1D', 1);
INSERT INTO AVION_ASIENTO VALUES('CC-CRF', '1G', 1);
INSERT INTO AVION_ASIENTO VALUES('CC-CRF', '1K', 1);
INSERT INTO AVION_ASIENTO VALUES('CC-CRF', '2A', 1);
INSERT INTO AVION_ASIENTO VALUES('CC-CRF', '2D', 1);
INSERT INTO AVION_ASIENTO VALUES('CC-CRF', '2G', 1);
INSERT INTO AVION_ASIENTO VALUES('CC-CRF', '2K', 1);
INSERT INTO AVION_ASIENTO VALUES('CC-CRF', '5A', 2);
INSERT INTO AVION_ASIENTO VALUES('CC-CRF', '5C', 2);
INSERT INTO AVION_ASIENTO VALUES('CC-CRF', '5D', 2);
INSERT INTO AVION_ASIENTO VALUES('CC-CRF', '5E', 2);
INSERT INTO AVION_ASIENTO VALUES('CC-CRF', '5F', 2);
INSERT INTO AVION_ASIENTO VALUES('CC-CRF', '5G', 2);
INSERT INTO AVION_ASIENTO VALUES('CC-CRF', '5H', 2);
INSERT INTO AVION_ASIENTO VALUES('CC-CRF', '5K', 2);
INSERT INTO AVION_ASIENTO VALUES('CC-CRF', '6A', 2);
INSERT INTO AVION_ASIENTO VALUES('CC-CRF', '6C', 2);
INSERT INTO AVION_ASIENTO VALUES('CC-CRF', '6D', 2);
INSERT INTO AVION_ASIENTO VALUES('CC-CRF', '6E', 2);
INSERT INTO AVION_ASIENTO VALUES('CC-CRF', '6F', 2);
INSERT INTO AVION_ASIENTO VALUES('CC-CRF', '6G', 2);
INSERT INTO AVION_ASIENTO VALUES('CC-CRF', '6H', 2);
INSERT INTO AVION_ASIENTO VALUES('CC-CRF', '6K', 2);
INSERT INTO AVION_ASIENTO VALUES('CC-CRF', '7A', 2);
INSERT INTO AVION_ASIENTO VALUES('CC-CRF', '7C', 2);
INSERT INTO AVION_ASIENTO VALUES('CC-CRF', '7D', 2);
INSERT INTO AVION_ASIENTO VALUES('CC-CRF', '7E', 2);
INSERT INTO AVION_ASIENTO VALUES('CC-CRF', '7F', 2);
INSERT INTO AVION_ASIENTO VALUES('CC-CRF', '7G', 2);
INSERT INTO AVION_ASIENTO VALUES('CC-CRF', '7H', 2);
INSERT INTO AVION_ASIENTO VALUES('CC-CRF', '7K', 2);
INSERT INTO AVION_ASIENTO VALUES('CC-CRF', '8A', 2);
INSERT INTO AVION_ASIENTO VALUES('CC-CRF', '8C', 2);
INSERT INTO AVION_ASIENTO VALUES('CC-CRF', '8D', 2);
INSERT INTO AVION_ASIENTO VALUES('CC-CRF', '8E', 2);
INSERT INTO AVION_ASIENTO VALUES('CC-CRF', '8F', 2);
INSERT INTO AVION_ASIENTO VALUES('CC-CRF', '8G', 2);
INSERT INTO AVION_ASIENTO VALUES('CC-CRF', '8H', 2);
INSERT INTO AVION_ASIENTO VALUES('CC-CRF', '8K', 2);
INSERT INTO AVION_ASIENTO VALUES('CC-CRF', '9A', 2);
INSERT INTO AVION_ASIENTO VALUES('CC-CRF', '9C', 2);
INSERT INTO AVION_ASIENTO VALUES('CC-CRF', '9D', 2);
INSERT INTO AVION_ASIENTO VALUES('CC-CRF', '9E', 2);
INSERT INTO AVION_ASIENTO VALUES('CC-CRF', '9F', 2);
INSERT INTO AVION_ASIENTO VALUES('CC-CRF', '9G', 2);
INSERT INTO AVION_ASIENTO VALUES('CC-CRF', '9H', 2);
INSERT INTO AVION_ASIENTO VALUES('CC-CRF', '9K', 2);
INSERT INTO AVION_ASIENTO VALUES('CC-CRF', '10A', 2);
INSERT INTO AVION_ASIENTO VALUES('CC-CRF', '10C', 2);
INSERT INTO AVION_ASIENTO VALUES('CC-CRF', '10D', 2);
INSERT INTO AVION_ASIENTO VALUES('CC-CRF', '10E', 2);
INSERT INTO AVION_ASIENTO VALUES('CC-CRF', '10F', 2);
INSERT INTO AVION_ASIENTO VALUES('CC-CRF', '10G', 2);
INSERT INTO AVION_ASIENTO VALUES('CC-CRF', '10H', 2);
INSERT INTO AVION_ASIENTO VALUES('CC-CRF', '10K', 2);
INSERT INTO AVION_ASIENTO VALUES('CC-CRF', '11A', 2);
INSERT INTO AVION_ASIENTO VALUES('CC-CRF', '11C', 2);
INSERT INTO AVION_ASIENTO VALUES('CC-CRF', '11D', 2);
INSERT INTO AVION_ASIENTO VALUES('CC-CRF', '11E', 2);
INSERT INTO AVION_ASIENTO VALUES('CC-CRF', '11F', 2);
INSERT INTO AVION_ASIENTO VALUES('CC-CRF', '11G', 2);
INSERT INTO AVION_ASIENTO VALUES('CC-CRF', '11H', 2);
INSERT INTO AVION_ASIENTO VALUES('CC-CRF', '11K', 2);
INSERT INTO AVION_ASIENTO VALUES('CC-CRF', '15A', 3);
INSERT INTO AVION_ASIENTO VALUES('CC-CRF', '15B', 3);
INSERT INTO AVION_ASIENTO VALUES('CC-CRF', '15C', 3);
INSERT INTO AVION_ASIENTO VALUES('CC-CRF', '15D', 3);
INSERT INTO AVION_ASIENTO VALUES('CC-CRF', '15E', 3);
INSERT INTO AVION_ASIENTO VALUES('CC-CRF', '15G', 3);
INSERT INTO AVION_ASIENTO VALUES('CC-CRF', '15H', 3);
INSERT INTO AVION_ASIENTO VALUES('CC-CRF', '15J', 3);
INSERT INTO AVION_ASIENTO VALUES('CC-CRF', '15K', 3);
INSERT INTO AVION_ASIENTO VALUES('CC-CRF', '16A', 3);
INSERT INTO AVION_ASIENTO VALUES('CC-CRF', '16B', 3);
INSERT INTO AVION_ASIENTO VALUES('CC-CRF', '16C', 3);
INSERT INTO AVION_ASIENTO VALUES('CC-CRF', '16D', 3);
INSERT INTO AVION_ASIENTO VALUES('CC-CRF', '16E', 3);
INSERT INTO AVION_ASIENTO VALUES('CC-CRF', '16G', 3);
INSERT INTO AVION_ASIENTO VALUES('CC-CRF', '16H', 3);
INSERT INTO AVION_ASIENTO VALUES('CC-CRF', '16J', 3);
INSERT INTO AVION_ASIENTO VALUES('CC-CRF', '16K', 3);
INSERT INTO AVION_ASIENTO VALUES('CC-CRF', '17A', 3);
INSERT INTO AVION_ASIENTO VALUES('CC-CRF', '17B', 3);
INSERT INTO AVION_ASIENTO VALUES('CC-CRF', '17C', 3);
INSERT INTO AVION_ASIENTO VALUES('CC-CRF', '17D', 3);
INSERT INTO AVION_ASIENTO VALUES('CC-CRF', '17E', 3);
INSERT INTO AVION_ASIENTO VALUES('CC-CRF', '17G', 3);
INSERT INTO AVION_ASIENTO VALUES('CC-CRF', '17H', 3);
INSERT INTO AVION_ASIENTO VALUES('CC-CRF', '17J', 3);
INSERT INTO AVION_ASIENTO VALUES('CC-CRF', '17K', 3);
INSERT INTO AVION_ASIENTO VALUES('CC-CRF', '18A', 3);
INSERT INTO AVION_ASIENTO VALUES('CC-CRF', '18B', 3);
INSERT INTO AVION_ASIENTO VALUES('CC-CRF', '18C', 3);
INSERT INTO AVION_ASIENTO VALUES('CC-CRF', '18D', 3);
INSERT INTO AVION_ASIENTO VALUES('CC-CRF', '18E', 3);
INSERT INTO AVION_ASIENTO VALUES('CC-CRF', '18G', 3);
INSERT INTO AVION_ASIENTO VALUES('CC-CRF', '18H', 3);
INSERT INTO AVION_ASIENTO VALUES('CC-CRF', '18J', 3);
INSERT INTO AVION_ASIENTO VALUES('CC-CRF', '18K', 3);
INSERT INTO AVION_ASIENTO VALUES('CC-CRF', '19A', 3);
INSERT INTO AVION_ASIENTO VALUES('CC-CRF', '19B', 3);
INSERT INTO AVION_ASIENTO VALUES('CC-CRF', '19C', 3);
INSERT INTO AVION_ASIENTO VALUES('CC-CRF', '19D', 3);
INSERT INTO AVION_ASIENTO VALUES('CC-CRF', '19E', 3);
INSERT INTO AVION_ASIENTO VALUES('CC-CRF', '19G', 3);
INSERT INTO AVION_ASIENTO VALUES('CC-CRF', '19H', 3);
INSERT INTO AVION_ASIENTO VALUES('CC-CRF', '19J', 3);
INSERT INTO AVION_ASIENTO VALUES('CC-CRF', '19K', 3);
INSERT INTO AVION_ASIENTO VALUES('CC-CRF', '20A', 3);
INSERT INTO AVION_ASIENTO VALUES('CC-CRF', '20B', 3);
INSERT INTO AVION_ASIENTO VALUES('CC-CRF', '20C', 3);
INSERT INTO AVION_ASIENTO VALUES('CC-CRF', '20D', 3);
INSERT INTO AVION_ASIENTO VALUES('CC-CRF', '20E', 3);
INSERT INTO AVION_ASIENTO VALUES('CC-CRF', '20G', 3);
INSERT INTO AVION_ASIENTO VALUES('CC-CRF', '20H', 3);
INSERT INTO AVION_ASIENTO VALUES('CC-CRF', '20J', 3);
INSERT INTO AVION_ASIENTO VALUES('CC-CRF', '20K', 3);
INSERT INTO AVION_ASIENTO VALUES('CC-CRF', '21A', 3);
INSERT INTO AVION_ASIENTO VALUES('CC-CRF', '21B', 3);
INSERT INTO AVION_ASIENTO VALUES('CC-CRF', '21C', 3);
INSERT INTO AVION_ASIENTO VALUES('CC-CRF', '21D', 3);
INSERT INTO AVION_ASIENTO VALUES('CC-CRF', '21E', 3);
INSERT INTO AVION_ASIENTO VALUES('CC-CRF', '21G', 3);
INSERT INTO AVION_ASIENTO VALUES('CC-CRF', '21H', 3);
INSERT INTO AVION_ASIENTO VALUES('CC-CRF', '21J', 3);
INSERT INTO AVION_ASIENTO VALUES('CC-CRF', '21K', 3);
INSERT INTO AVION_ASIENTO VALUES('CC-CRF', '22A', 3);
INSERT INTO AVION_ASIENTO VALUES('CC-CRF', '22B', 3);
INSERT INTO AVION_ASIENTO VALUES('CC-CRF', '22C', 3);
INSERT INTO AVION_ASIENTO VALUES('CC-CRF', '22D', 3);
INSERT INTO AVION_ASIENTO VALUES('CC-CRF', '22E', 3);
INSERT INTO AVION_ASIENTO VALUES('CC-CRF', '22G', 3);
INSERT INTO AVION_ASIENTO VALUES('CC-CRF', '22H', 3);
INSERT INTO AVION_ASIENTO VALUES('CC-CRF', '22J', 3);
INSERT INTO AVION_ASIENTO VALUES('CC-CRF', '22K', 3);
INSERT INTO AVION_ASIENTO VALUES('CC-CRF', '23D', 3);
INSERT INTO AVION_ASIENTO VALUES('CC-CRF', '23E', 3);
INSERT INTO AVION_ASIENTO VALUES('CC-CRF', '23G', 3);
INSERT INTO AVION_ASIENTO VALUES('CC-CRF', '24A', 3);
INSERT INTO AVION_ASIENTO VALUES('CC-CRF', '24B', 3);
INSERT INTO AVION_ASIENTO VALUES('CC-CRF', '24C', 3);
INSERT INTO AVION_ASIENTO VALUES('CC-CRF', '24D', 3);
INSERT INTO AVION_ASIENTO VALUES('CC-CRF', '24E', 3);
INSERT INTO AVION_ASIENTO VALUES('CC-CRF', '24G', 3);
INSERT INTO AVION_ASIENTO VALUES('CC-CRF', '24H', 3);
INSERT INTO AVION_ASIENTO VALUES('CC-CRF', '24J', 3);
INSERT INTO AVION_ASIENTO VALUES('CC-CRF', '24K', 3);
INSERT INTO AVION_ASIENTO VALUES('CC-CRF', '25A', 3);
INSERT INTO AVION_ASIENTO VALUES('CC-CRF', '25B', 3);
INSERT INTO AVION_ASIENTO VALUES('CC-CRF', '25C', 3);
INSERT INTO AVION_ASIENTO VALUES('CC-CRF', '25D', 3);
INSERT INTO AVION_ASIENTO VALUES('CC-CRF', '25E', 3);
INSERT INTO AVION_ASIENTO VALUES('CC-CRF', '25G', 3);
INSERT INTO AVION_ASIENTO VALUES('CC-CRF', '25H', 3);
INSERT INTO AVION_ASIENTO VALUES('CC-CRF', '25J', 3);
INSERT INTO AVION_ASIENTO VALUES('CC-CRF', '25K', 3);
INSERT INTO AVION_ASIENTO VALUES('CC-CRF', '26A', 3);
INSERT INTO AVION_ASIENTO VALUES('CC-CRF', '26B', 3);
INSERT INTO AVION_ASIENTO VALUES('CC-CRF', '26C', 3);
INSERT INTO AVION_ASIENTO VALUES('CC-CRF', '26D', 3);
INSERT INTO AVION_ASIENTO VALUES('CC-CRF', '26E', 3);
INSERT INTO AVION_ASIENTO VALUES('CC-CRF', '26G', 3);
INSERT INTO AVION_ASIENTO VALUES('CC-CRF', '26H', 3);
INSERT INTO AVION_ASIENTO VALUES('CC-CRF', '26J', 3);
INSERT INTO AVION_ASIENTO VALUES('CC-CRF', '26K', 3);
INSERT INTO AVION_ASIENTO VALUES('CC-CRF', '27A', 3);
INSERT INTO AVION_ASIENTO VALUES('CC-CRF', '27B', 3);
INSERT INTO AVION_ASIENTO VALUES('CC-CRF', '27C', 3);
INSERT INTO AVION_ASIENTO VALUES('CC-CRF', '27D', 3);
INSERT INTO AVION_ASIENTO VALUES('CC-CRF', '27E', 3);
INSERT INTO AVION_ASIENTO VALUES('CC-CRF', '27G', 3);
INSERT INTO AVION_ASIENTO VALUES('CC-CRF', '27H', 3);
INSERT INTO AVION_ASIENTO VALUES('CC-CRF', '27J', 3);
INSERT INTO AVION_ASIENTO VALUES('CC-CRF', '27K', 3);
INSERT INTO AVION_ASIENTO VALUES('CC-CRF', '28A', 3);
INSERT INTO AVION_ASIENTO VALUES('CC-CRF', '28B', 3);
INSERT INTO AVION_ASIENTO VALUES('CC-CRF', '28C', 3);
INSERT INTO AVION_ASIENTO VALUES('CC-CRF', '28D', 3);
INSERT INTO AVION_ASIENTO VALUES('CC-CRF', '28E', 3);
INSERT INTO AVION_ASIENTO VALUES('CC-CRF', '28G', 3);
INSERT INTO AVION_ASIENTO VALUES('CC-CRF', '28H', 3);
INSERT INTO AVION_ASIENTO VALUES('CC-CRF', '28J', 3);
INSERT INTO AVION_ASIENTO VALUES('CC-CRF', '28K', 3);
INSERT INTO AVION_ASIENTO VALUES('CC-CRF', '29A', 3);
INSERT INTO AVION_ASIENTO VALUES('CC-CRF', '29B', 3);
INSERT INTO AVION_ASIENTO VALUES('CC-CRF', '29C', 3);
INSERT INTO AVION_ASIENTO VALUES('CC-CRF', '29D', 3);
INSERT INTO AVION_ASIENTO VALUES('CC-CRF', '29E', 3);
INSERT INTO AVION_ASIENTO VALUES('CC-CRF', '29G', 3);
INSERT INTO AVION_ASIENTO VALUES('CC-CRF', '29H', 3);
INSERT INTO AVION_ASIENTO VALUES('CC-CRF', '29J', 3);
INSERT INTO AVION_ASIENTO VALUES('CC-CRF', '29K', 3);
INSERT INTO AVION_ASIENTO VALUES('CC-CRF', '30A', 3);
INSERT INTO AVION_ASIENTO VALUES('CC-CRF', '30B', 3);
INSERT INTO AVION_ASIENTO VALUES('CC-CRF', '30C', 3);
INSERT INTO AVION_ASIENTO VALUES('CC-CRF', '30D', 3);
INSERT INTO AVION_ASIENTO VALUES('CC-CRF', '30E', 3);
INSERT INTO AVION_ASIENTO VALUES('CC-CRF', '30G', 3);
INSERT INTO AVION_ASIENTO VALUES('CC-CRF', '30H', 3);
INSERT INTO AVION_ASIENTO VALUES('CC-CRF', '30J', 3);
INSERT INTO AVION_ASIENTO VALUES('CC-CRF', '30K', 3);
INSERT INTO AVION_ASIENTO VALUES('CC-CRF', '31A', 3);
INSERT INTO AVION_ASIENTO VALUES('CC-CRF', '31B', 3);
INSERT INTO AVION_ASIENTO VALUES('CC-CRF', '31C', 3);
INSERT INTO AVION_ASIENTO VALUES('CC-CRF', '31D', 3);
INSERT INTO AVION_ASIENTO VALUES('CC-CRF', '31E', 3);
INSERT INTO AVION_ASIENTO VALUES('CC-CRF', '31G', 3);
INSERT INTO AVION_ASIENTO VALUES('CC-CRF', '31H', 3);
INSERT INTO AVION_ASIENTO VALUES('CC-CRF', '31J', 3);
INSERT INTO AVION_ASIENTO VALUES('CC-CRF', '31K', 3);
INSERT INTO AVION_ASIENTO VALUES('CC-CRF', '32A', 3);
INSERT INTO AVION_ASIENTO VALUES('CC-CRF', '32B', 3);
INSERT INTO AVION_ASIENTO VALUES('CC-CRF', '32C', 3);
INSERT INTO AVION_ASIENTO VALUES('CC-CRF', '32D', 3);
INSERT INTO AVION_ASIENTO VALUES('CC-CRF', '32E', 3);
INSERT INTO AVION_ASIENTO VALUES('CC-CRF', '32G', 3);
INSERT INTO AVION_ASIENTO VALUES('CC-CRF', '32H', 3);
INSERT INTO AVION_ASIENTO VALUES('CC-CRF', '32J', 3);
INSERT INTO AVION_ASIENTO VALUES('CC-CRF', '32K', 3);
INSERT INTO AVION_ASIENTO VALUES('CC-CRF', '33A', 3);
INSERT INTO AVION_ASIENTO VALUES('CC-CRF', '33B', 3);
INSERT INTO AVION_ASIENTO VALUES('CC-CRF', '33C', 3);
INSERT INTO AVION_ASIENTO VALUES('CC-CRF', '33D', 3);
INSERT INTO AVION_ASIENTO VALUES('CC-CRF', '33E', 3);
INSERT INTO AVION_ASIENTO VALUES('CC-CRF', '33G', 3);
INSERT INTO AVION_ASIENTO VALUES('CC-CRF', '33H', 3);
INSERT INTO AVION_ASIENTO VALUES('CC-CRF', '33J', 3);
INSERT INTO AVION_ASIENTO VALUES('CC-CRF', '33K', 3);
INSERT INTO AVION_ASIENTO VALUES('CC-CRF', '34A', 3);
INSERT INTO AVION_ASIENTO VALUES('CC-CRF', '34B', 3);
INSERT INTO AVION_ASIENTO VALUES('CC-CRF', '34C', 3);
INSERT INTO AVION_ASIENTO VALUES('CC-CRF', '34D', 3);
INSERT INTO AVION_ASIENTO VALUES('CC-CRF', '34E', 3);
INSERT INTO AVION_ASIENTO VALUES('CC-CRF', '34G', 3);
INSERT INTO AVION_ASIENTO VALUES('CC-CRF', '34H', 3);
INSERT INTO AVION_ASIENTO VALUES('CC-CRF', '34J', 3);
INSERT INTO AVION_ASIENTO VALUES('CC-CRF', '34K', 3);
INSERT INTO AVION_ASIENTO VALUES('CC-CRF', '35A', 3);
INSERT INTO AVION_ASIENTO VALUES('CC-CRF', '35B', 3);
INSERT INTO AVION_ASIENTO VALUES('CC-CRF', '35C', 3);
INSERT INTO AVION_ASIENTO VALUES('CC-CRF', '35D', 3);
INSERT INTO AVION_ASIENTO VALUES('CC-CRF', '35E', 3);
INSERT INTO AVION_ASIENTO VALUES('CC-CRF', '35G', 3);
INSERT INTO AVION_ASIENTO VALUES('CC-CRF', '35H', 3);
INSERT INTO AVION_ASIENTO VALUES('CC-CRF', '35J', 3);
INSERT INTO AVION_ASIENTO VALUES('CC-CRF', '35K', 3);
INSERT INTO AVION_ASIENTO VALUES('CC-CRF', '36A', 3);
INSERT INTO AVION_ASIENTO VALUES('CC-CRF', '36B', 3);
INSERT INTO AVION_ASIENTO VALUES('CC-CRF', '36C', 3);
INSERT INTO AVION_ASIENTO VALUES('CC-CRF', '36D', 3);
INSERT INTO AVION_ASIENTO VALUES('CC-CRF', '36E', 3);
INSERT INTO AVION_ASIENTO VALUES('CC-CRF', '36G', 3);
INSERT INTO AVION_ASIENTO VALUES('CC-CRF', '36H', 3);
INSERT INTO AVION_ASIENTO VALUES('CC-CRF', '36J', 3);
INSERT INTO AVION_ASIENTO VALUES('CC-CRF', '36K', 3);
INSERT INTO AVION_ASIENTO VALUES('CC-CRF', '37D', 3);
INSERT INTO AVION_ASIENTO VALUES('CC-CRF', '37E', 3);
INSERT INTO AVION_ASIENTO VALUES('CC-CRF', '37G', 3);

INSERT INTO VUELO_PROGRAMADO VALUES ('LA639','LIM','GRU','09:10:00',4.75);
INSERT INTO VUELO_PROGRAMADO VALUES ('LA369','CDG','EZE','23:35:00',13.9167);
INSERT INTO VUELO_PROGRAMADO VALUES ('LA723','LAX','JFK','11:30:00',5.25);
INSERT INTO VUELO_PROGRAMADO VALUES ('LA801','GRU','LIM','15:45:00',4.75);

INSERT INTO ESTADO_VUELO VALUES ('EN ESPERA');
INSERT INTO ESTADO_VUELO VALUES ('EN VUELO');
INSERT INTO ESTADO_VUELO VALUES ('CONCLUIDO');
INSERT INTO ESTADO_VUELO VALUES ('SINIESTRADO');

INSERT INTO VUELO (numeroVuelo, avionMatricula, fechaVuelo, estadoVueloID) VALUES ('LA639','CC-CAE', '2018-02-23',1);
INSERT INTO VUELO (numeroVuelo, avionMatricula, fechaVuelo, estadoVueloID) VALUES ('LA369','CC-CRF', '2018-02-24',1);
INSERT INTO VUELO (numeroVuelo, avionMatricula, fechaVuelo, estadoVueloID) VALUES ('LA723','OB-5812', '2018-03-23',1);
INSERT INTO VUELO (numeroVuelo, avionMatricula, fechaVuelo, estadoVueloID) VALUES ('LA801','LV-ARE', '2018-03-12',1);

INSERT INTO PRECIO_VUELO_AVION_ASIENTO VALUES (12, 'CC-CRF', '1A',500.00);
INSERT INTO PRECIO_VUELO_AVION_ASIENTO VALUES (12, 'CC-CRF', '1D',500.00);
INSERT INTO PRECIO_VUELO_AVION_ASIENTO VALUES (12, 'CC-CRF', '1G',500.00);
INSERT INTO PRECIO_VUELO_AVION_ASIENTO VALUES (12, 'CC-CRF', '1K',500.00);
INSERT INTO PRECIO_VUELO_AVION_ASIENTO VALUES (12, 'CC-CRF', '2A',500.00);
INSERT INTO PRECIO_VUELO_AVION_ASIENTO VALUES (12, 'CC-CRF', '2D',500.00);
INSERT INTO PRECIO_VUELO_AVION_ASIENTO VALUES (12, 'CC-CRF', '2G',500.00);
INSERT INTO PRECIO_VUELO_AVION_ASIENTO VALUES (12, 'CC-CRF', '2K',500.00);



CREATE NONCLUSTERED INDEX I_CLIENTES ON CLIENTE(pasaporte)

-----------------------AQUI EMPIEZAN LOS PROCEDIMIENTOS ALMACENADOS---------------
CREATE PROCEDURE SP_FILTRAR_AEROPUERTO
@criterio varchar(80)
AS
	BEGIN
	DECLARE @dato varchar(80);
	SELECT @dato = '%'+LTRIM(RTRIM(@criterio))+'%';
	SELECT A.IATA_aeropuertoID, C.nombreCiudad FROM AEROPUERTO AS A INNER JOIN CIUDAD AS C
	ON A.ciudadID=C.ciudadID
	WHERE A.IATA_aeropuertoID LIKE @dato OR A.nombreAeropuerto LIKE @dato OR C.nombreCiudad LIKE @dato
	END
GO


CREATE PROCEDURE SP_SELECCIONAR_VUELOS
@fecha date,
@origen char(3),
@destino char(3)
AS
	BEGIN
	SELECT V.numeroVuelo,
	V.fechaVuelo,
	AO.IATA_aeropuertoID AS IATA_AeropuertoOrigen,
	CO.nombreCiudad AS ciudadOrigen,
	AD.IATA_aeropuertoID AS IATA_AeropuertoDestino,
	CD.nombreCiudad AS ciudadDestino,
	AO.nombreAeropuerto AS nombreAeropuertoOrigen,
	AD.nombreAeropuerto AS nombreAeropuertoDestino,
	VP.horaSalida,
	VP.tiempoDeVuelo FROM VUELO AS V
	INNER JOIN VUELO_PROGRAMADO AS VP ON V.numeroVuelo=VP.numeroVuelo
	INNER JOIN AEROPUERTO AS AO ON VP.origen=AO.IATA_aeropuertoID
	INNER JOIN AEROPUERTO AS AD ON VP.destino=AD.IATA_aeropuertoID
	INNER JOIN CIUDAD CO ON AO.ciudadID= CO.ciudadID
	INNER JOIN CIUDAD CD ON AD.ciudadID=CD.ciudadID
	WHERE V.fechaVuelo = @fecha AND VP.origen = @origen AND VP.destino = @destino
	END
GO

--exec SP_SELECCIONAR_VUELOS '2018-02-23','LIM', 'GRU'
--select * from VUELO







--select COUNT(asientoID) from ASIENTO where avionID=101 and cabinaID='TURISTA PREMIUM'
--DBCC CHECKIDENT ('TABLENAME', RESEED, 0) LUEGO DE ELIMINAR TODOS LOS REGISTROS DE UNA TABLA CON ESTO SE RESETEA SU IDENTITY

--select * from AVION inner join ESTADO_AVION on AVION.estadoID = ESTADO_AVION.estadoID
--select * from ESTADO_AVION inner join AVION on AVION.estadoID=ESTADO_AVION.estadoID where ESTADO_AVION.estadoID=1

--SELECT V.numeroVuelo, VP.origen, VP.destino, V.fechaVuelo, VP.horaSalida, PVA.asientoID, PVA.precio
	--FROM VUELO AS V INNER JOIN VUELO_PROGRAMADO AS VP ON V.numeroVuelo=VP.numeroVuelo INNER JOIN PRECIO_VUELO_AVION_ASIENTO AS PVA ON V.vueloID=PVA.vueloID

--	select V.numeroVuelo, V.fechaVuelo, AO.IATA_aeropuertoID AS IATAoRIGEN, CO.nombreCiudad, AD.IATA_aeropuertoID, CD.nombreCiudad from VUELO as V
--INNER JOIN VUELO_PROGRAMADO AS VP ON V.numeroVuelo=VP.numeroVuelo
--INNER JOIN AEROPUERTO AS AO ON VP.origen=AO.IATA_aeropuertoID
--INNER JOIN AEROPUERTO AS AD ON VP.destino=AD.IATA_aeropuertoID
--INNER JOIN CIUDAD CO ON AO.ciudadID= CO.ciudadID
--INNER JOIN CIUDAD CD ON AD.ciudadID=CD.ciudadID
--WHERE V.fechaVuelo='2018-02-23' AND VP.origen='LIM' AND VP.destino='GRU'